{
  "0": {
    "x": 968, 
    "y": 1447
  }, 
  "1": {
    "x": 609, 
    "y": 987
  }, 
  "2": {
    "x": 870, 
    "y": 1442
  }, 
  "3": {
    "x": 461, 
    "y": 1157
  }, 
  "4": {
    "x": 472, 
    "y": 1164
  }, 
  "5": {
    "x": 461, 
    "y": 1178
  }, 
  "6": {
    "x": 673, 
    "y": 1164
  }, 
  "7": {
    "x": 672, 
    "y": 1185
  }, 
  "8": {
    "x": 1347, 
    "y": 1205
  }, 
  "9": {
    "x": 879, 
    "y": 1193
  }, 
  "10": {
    "x": 1347, 
    "y": 1192
  }, 
  "11": {
    "x": 972, 
    "y": 1198
  }, 
  "12": {
    "x": 974, 
    "y": 1175
  }, 
  "13": {
    "x": 1181, 
    "y": 1203
  }, 
  "14": {
    "x": 890, 
    "y": 1172
  }, 
  "15": {
    "x": 1181, 
    "y": 1184
  }, 
  "16": {
    "x": 1310, 
    "y": 1189
  }, 
  "17": {
    "x": 847, 
    "y": 1086
  }, 
  "18": {
    "x": 1182, 
    "y": 1455
  }, 
  "19": {
    "x": 456, 
    "y": 1367
  }, 
  "20": {
    "x": 669, 
    "y": 1374
  }, 
  "21": {
    "x": 1308, 
    "y": 1198
  }, 
  "22": {
    "x": 1310, 
    "y": 1208
  }, 
  "23": {
    "x": 1327, 
    "y": 984
  }, 
  "24": {
    "x": 870, 
    "y": 1258
  }, 
  "25": {
    "x": 1323, 
    "y": 1217
  }, 
  "26": {
    "x": 1319, 
    "y": 1456
  }, 
  "27": {
    "x": 1337, 
    "y": 1456
  }, 
  "28": {
    "x": 870, 
    "y": 1403
  }, 
  "29": {
    "x": 1323, 
    "y": 1179
  }
}