time,node,idleness
1,0,15.0
1,1,16.0
1,2,15.0
1,3,16.0
1,4,16.0
1,5,16.0
1,6,15.0
1,7,16.0
1,8,15.0
2,0,15.0
2,1,15.0
2,2,15.0
2,3,15.0
2,4,31.0
2,5,15.0
2,6,15.0
2,7,15.0
2,8,15.0
3,0,30.0
3,1,30.0
3,2,30.0
3,3,30.0
3,4,46.0
3,5,30.0
3,6,30.0
3,7,30.0
3,8,30.0
4,0,45.0
4,1,45.0
4,2,45.0
4,3,45.0
4,4,61.0
4,5,45.0
4,6,45.0
4,7,45.0
4,8,45.0
5,0,60.0
5,1,60.0
5,2,60.0
5,3,60.0
5,4,76.0
5,5,60.0
5,6,60.0
5,7,60.0
5,8,60.0
6,0,75.0
6,1,75.0
6,2,75.0
6,3,75.0
6,4,91.0
6,5,75.0
6,6,75.0
6,7,75.0
6,8,75.0
7,0,90.0
7,1,90.0
7,2,90.0
7,3,90.0
7,4,106.0
7,5,90.0
7,6,90.0
7,7,90.0
7,8,90.0
8,0,105.0
8,1,105.0
8,2,15.0
8,3,105.0
8,4,121.0
8,5,105.0
8,6,15.0
8,7,105.0
8,8,15.0
9,0,15.0
9,1,120.0
9,2,30.0
9,3,120.0
9,4,136.0
9,5,120.0
9,6,30.0
9,7,120.0
9,8,30.0
10,0,30.0
10,1,135.0
10,2,45.0
10,3,135.0
10,4,151.0
10,5,135.0
10,6,45.0
10,7,135.0
10,8,45.0
11,0,45.0
11,1,150.0
11,2,60.0
11,3,150.0
11,4,166.0
11,5,150.0
11,6,60.0
11,7,150.0
11,8,60.0
12,0,60.0
12,1,165.0
12,2,75.0
12,3,165.0
12,4,181.0
12,5,165.0
12,6,75.0
12,7,165.0
12,8,75.0
13,0,75.0
13,1,180.0
13,2,90.0
13,3,180.0
13,4,196.0
13,5,180.0
13,6,90.0
13,7,180.0
13,8,90.0
14,0,90.0
14,1,195.0
14,2,105.0
14,3,195.0
14,4,211.0
14,5,195.0
14,6,105.0
14,7,195.0
14,8,105.0
15,0,105.0
15,1,15.0
15,2,120.0
15,3,15.0
15,4,226.0
15,5,15.0
15,6,120.0
15,7,15.0
15,8,120.0
16,0,120.0
16,1,30.0
16,2,135.0
16,3,30.0
16,4,241.0
16,5,30.0
16,6,135.0
16,7,30.0
16,8,135.0
17,0,135.0
17,1,45.0
17,2,150.0
17,3,45.0
17,4,256.0
17,5,45.0
17,6,150.0
17,7,45.0
17,8,150.0
18,0,150.0
18,1,60.0
18,2,165.0
18,3,60.0
18,4,271.0
18,5,60.0
18,6,165.0
18,7,60.0
18,8,165.0
19,0,165.0
19,1,75.0
19,2,180.0
19,3,75.0
19,4,286.0
19,5,75.0
19,6,180.0
19,7,75.0
19,8,180.0
20,0,180.0
20,1,90.0
20,2,195.0
20,3,90.0
20,4,301.0
20,5,90.0
20,6,195.0
20,7,90.0
20,8,195.0
21,0,15.0
21,1,105.0
21,2,15.0
21,3,105.0
21,4,316.0
21,5,105.0
21,6,15.0
21,7,105.0
21,8,15.0
22,0,15.0
22,1,15.0
22,2,15.0
22,3,15.0
22,4,331.0
22,5,15.0
22,6,15.0
22,7,15.0
22,8,15.0
23,0,30.0
23,1,30.0
23,2,30.0
23,3,30.0
23,4,346.0
23,5,30.0
23,6,30.0
23,7,30.0
23,8,30.0
24,0,45.0
24,1,45.0
24,2,45.0
24,3,45.0
24,4,361.0
24,5,45.0
24,6,45.0
24,7,45.0
24,8,45.0
25,0,60.0
25,1,60.0
25,2,60.0
25,3,60.0
25,4,376.0
25,5,60.0
25,6,60.0
25,7,60.0
25,8,60.0
26,0,75.0
26,1,75.0
26,2,75.0
26,3,75.0
26,4,391.0
26,5,75.0
26,6,75.0
26,7,75.0
26,8,75.0
27,0,90.0
27,1,15.0
27,2,90.0
27,3,90.0
27,4,406.0
27,5,90.0
27,6,90.0
27,7,15.0
27,8,90.0
28,0,105.0
28,1,30.0
28,2,105.0
28,3,15.0
28,4,421.0
28,5,15.0
28,6,105.0
28,7,30.0
28,8,105.0
29,0,120.0
29,1,45.0
29,2,120.0
29,3,30.0
29,4,436.0
29,5,30.0
29,6,120.0
29,7,45.0
29,8,120.0
30,0,135.0
30,1,60.0
30,2,135.0
30,3,45.0
30,4,451.0
30,5,45.0
30,6,135.0
30,7,60.0
30,8,135.0
31,0,150.0
31,1,75.0
31,2,150.0
31,3,60.0
31,4,466.0
31,5,60.0
31,6,150.0
31,7,75.0
31,8,150.0
32,0,165.0
32,1,90.0
32,2,165.0
32,3,75.0
32,4,481.0
32,5,75.0
32,6,165.0
32,7,90.0
32,8,165.0
33,0,180.0
33,1,105.0
33,2,15.0
33,3,90.0
33,4,496.0
33,5,90.0
33,6,180.0
33,7,105.0
33,8,180.0
34,0,15.0
34,1,120.0
34,2,30.0
34,3,105.0
34,4,511.0
34,5,105.0
34,6,15.0
34,7,120.0
34,8,15.0
35,0,30.0
35,1,135.0
35,2,45.0
35,3,120.0
35,4,526.0
35,5,120.0
35,6,30.0
35,7,135.0
35,8,30.0
36,0,45.0
36,1,150.0
36,2,60.0
36,3,135.0
36,4,541.0
36,5,135.0
36,6,45.0
36,7,150.0
36,8,45.0
37,0,60.0
37,1,165.0
37,2,75.0
37,3,150.0
37,4,556.0
37,5,150.0
37,6,60.0
37,7,165.0
37,8,60.0
38,0,75.0
38,1,180.0
38,2,90.0
38,3,165.0
38,4,571.0
38,5,165.0
38,6,75.0
38,7,180.0
38,8,75.0
39,0,90.0
39,1,195.0
39,2,105.0
39,3,180.0
39,4,586.0
39,5,180.0
39,6,90.0
39,7,195.0
39,8,90.0
40,0,105.0
40,1,15.0
40,2,120.0
40,3,195.0
40,4,601.0
40,5,195.0
40,6,105.0
40,7,15.0
40,8,105.0
41,0,120.0
41,1,30.0
41,2,135.0
41,3,15.0
41,4,616.0
41,5,15.0
41,6,120.0
41,7,30.0
41,8,120.0
42,0,135.0
42,1,45.0
42,2,150.0
42,3,30.0
42,4,631.0
42,5,30.0
42,6,135.0
42,7,45.0
42,8,135.0
43,0,150.0
43,1,60.0
43,2,165.0
43,3,45.0
43,4,646.0
43,5,45.0
43,6,150.0
43,7,60.0
43,8,150.0
44,0,165.0
44,1,75.0
44,2,180.0
44,3,60.0
44,4,661.0
44,5,60.0
44,6,165.0
44,7,75.0
44,8,165.0
45,0,180.0
45,1,90.0
45,2,195.0
45,3,75.0
45,4,676.0
45,5,75.0
45,6,180.0
45,7,90.0
45,8,180.0
46,0,195.0
46,1,105.0
46,2,210.0
46,3,90.0
46,4,691.0
46,5,90.0
46,6,195.0
46,7,105.0
46,8,195.0
47,0,15.0
47,1,120.0
47,2,225.0
47,3,105.0
47,4,706.0
47,5,105.0
47,6,15.0
47,7,120.0
47,8,15.0
48,0,15.0
48,1,15.0
48,2,15.0
48,3,15.0
48,4,721.0
48,5,120.0
48,6,15.0
48,7,15.0
48,8,15.0
49,0,30.0
49,1,30.0
49,2,15.0
49,3,30.0
49,4,736.0
49,5,15.0
49,6,30.0
49,7,30.0
49,8,15.0
50,0,45.0
50,1,45.0
50,2,30.0
50,3,45.0
50,4,751.0
50,5,30.0
50,6,45.0
50,7,45.0
50,8,30.0
51,0,60.0
51,1,60.0
51,2,45.0
51,3,60.0
51,4,766.0
51,5,45.0
51,6,60.0
51,7,60.0
51,8,45.0
52,0,75.0
52,1,75.0
52,2,60.0
52,3,75.0
52,4,781.0
52,5,60.0
52,6,75.0
52,7,75.0
52,8,60.0
53,0,90.0
53,1,15.0
53,2,75.0
53,3,90.0
53,4,796.0
53,5,75.0
53,6,90.0
53,7,15.0
53,8,75.0
54,0,105.0
54,1,30.0
54,2,90.0
54,3,15.0
54,4,811.0
54,5,15.0
54,6,105.0
54,7,30.0
54,8,90.0
55,0,120.0
55,1,45.0
55,2,105.0
55,3,30.0
55,4,826.0
55,5,30.0
55,6,120.0
55,7,45.0
55,8,105.0
56,0,135.0
56,1,60.0
56,2,120.0
56,3,45.0
56,4,841.0
56,5,45.0
56,6,135.0
56,7,60.0
56,8,120.0
57,0,150.0
57,1,75.0
57,2,135.0
57,3,60.0
57,4,856.0
57,5,60.0
57,6,150.0
57,7,75.0
57,8,135.0
58,0,165.0
58,1,90.0
58,2,150.0
58,3,75.0
58,4,871.0
58,5,75.0
58,6,165.0
58,7,90.0
58,8,150.0
59,0,180.0
59,1,105.0
59,2,15.0
59,3,90.0
59,4,886.0
59,5,90.0
59,6,15.0
59,7,105.0
59,8,165.0
60,0,15.0
60,1,120.0
60,2,30.0
60,3,105.0
60,4,901.0
60,5,105.0
60,6,30.0
60,7,120.0
60,8,180.0
61,0,30.0
61,1,135.0
61,2,45.0
61,3,120.0
61,4,916.0
61,5,120.0
61,6,45.0
61,7,135.0
61,8,15.0
62,0,45.0
62,1,150.0
62,2,60.0
62,3,135.0
62,4,931.0
62,5,135.0
62,6,60.0
62,7,150.0
62,8,30.0
63,0,60.0
63,1,165.0
63,2,75.0
63,3,150.0
63,4,946.0
63,5,150.0
63,6,75.0
63,7,165.0
63,8,45.0
64,0,75.0
64,1,180.0
64,2,90.0
64,3,165.0
64,4,961.0
64,5,165.0
64,6,90.0
64,7,180.0
64,8,60.0
65,0,90.0
65,1,15.0
65,2,105.0
65,3,180.0
65,4,976.0
65,5,180.0
65,6,105.0
65,7,195.0
65,8,75.0
66,0,105.0
66,1,30.0
66,2,120.0
66,3,15.0
66,4,991.0
66,5,195.0
66,6,120.0
66,7,15.0
66,8,90.0
67,0,120.0
67,1,45.0
67,2,135.0
67,3,30.0
67,4,1006.0
67,5,15.0
67,6,135.0
67,7,30.0
67,8,105.0
68,0,135.0
68,1,60.0
68,2,150.0
68,3,45.0
68,4,1021.0
68,5,30.0
68,6,150.0
68,7,45.0
68,8,120.0
69,0,150.0
69,1,75.0
69,2,165.0
69,3,60.0
69,4,1036.0
69,5,45.0
69,6,165.0
69,7,60.0
69,8,135.0
70,0,165.0
70,1,90.0
70,2,180.0
70,3,75.0
70,4,1051.0
70,5,60.0
70,6,180.0
70,7,75.0
70,8,150.0
71,0,180.0
71,1,105.0
71,2,195.0
71,3,90.0
71,4,1066.0
71,5,75.0
71,6,195.0
71,7,90.0
71,8,165.0
72,0,15.0
72,1,120.0
72,2,210.0
72,3,105.0
72,4,1081.0
72,5,90.0
72,6,210.0
72,7,105.0
72,8,15.0
73,0,15.0
73,1,15.0
73,2,15.0
73,3,120.0
73,4,15.0
73,5,105.0
73,6,15.0
73,7,15.0
73,8,15.0
74,0,15.0
74,1,30.0
74,2,15.0
74,3,15.0
74,4,30.0
74,5,15.0
74,6,15.0
74,7,30.0
74,8,15.0
75,0,30.0
75,1,45.0
75,2,30.0
75,3,30.0
75,4,45.0
75,5,30.0
75,6,30.0
75,7,45.0
75,8,30.0
76,0,45.0
76,1,60.0
76,2,45.0
76,3,45.0
76,4,60.0
76,5,45.0
76,6,45.0
76,7,60.0
76,8,45.0
77,0,60.0
77,1,75.0
77,2,60.0
77,3,60.0
77,4,75.0
77,5,60.0
77,6,60.0
77,7,75.0
77,8,60.0
78,0,75.0
78,1,90.0
78,2,75.0
78,3,75.0
78,4,90.0
78,5,75.0
78,6,75.0
78,7,90.0
78,8,75.0
79,0,90.0
79,1,15.0
79,2,90.0
79,3,90.0
79,4,105.0
79,5,90.0
79,6,90.0
79,7,15.0
79,8,90.0
80,0,105.0
80,1,30.0
80,2,105.0
80,3,105.0
80,4,120.0
80,5,15.0
80,6,105.0
80,7,30.0
80,8,105.0
81,0,120.0
81,1,45.0
81,2,120.0
81,3,15.0
81,4,135.0
81,5,30.0
81,6,120.0
81,7,45.0
81,8,120.0
82,0,135.0
82,1,60.0
82,2,135.0
82,3,30.0
82,4,150.0
82,5,45.0
82,6,135.0
82,7,60.0
82,8,135.0
83,0,150.0
83,1,75.0
83,2,150.0
83,3,45.0
83,4,165.0
83,5,60.0
83,6,150.0
83,7,75.0
83,8,150.0
84,0,165.0
84,1,90.0
84,2,165.0
84,3,60.0
84,4,180.0
84,5,75.0
84,6,165.0
84,7,90.0
84,8,165.0
85,0,180.0
85,1,105.0
85,2,15.0
85,3,75.0
85,4,195.0
85,5,90.0
85,6,15.0
85,7,105.0
85,8,180.0
86,0,15.0
86,1,120.0
86,2,30.0
86,3,90.0
86,4,210.0
86,5,105.0
86,6,30.0
86,7,120.0
86,8,15.0
87,0,30.0
87,1,135.0
87,2,45.0
87,3,105.0
87,4,225.0
87,5,120.0
87,6,45.0
87,7,135.0
87,8,30.0
88,0,45.0
88,1,150.0
88,2,60.0
88,3,120.0
88,4,240.0
88,5,135.0
88,6,60.0
88,7,150.0
88,8,45.0
89,0,60.0
89,1,165.0
89,2,75.0
89,3,135.0
89,4,255.0
89,5,150.0
89,6,75.0
89,7,165.0
89,8,60.0
90,0,75.0
90,1,180.0
90,2,90.0
90,3,150.0
90,4,270.0
90,5,165.0
90,6,90.0
90,7,180.0
90,8,75.0
91,0,90.0
91,1,195.0
91,2,105.0
91,3,165.0
91,4,285.0
91,5,180.0
91,6,105.0
91,7,15.0
91,8,90.0
92,0,105.0
92,1,15.0
92,2,120.0
92,3,180.0
92,4,300.0
92,5,195.0
92,6,120.0
92,7,30.0
92,8,105.0
93,0,120.0
93,1,30.0
93,2,135.0
93,3,15.0
93,4,315.0
93,5,15.0
93,6,135.0
93,7,45.0
93,8,120.0
94,0,135.0
94,1,45.0
94,2,150.0
94,3,30.0
94,4,330.0
94,5,30.0
94,6,150.0
94,7,60.0
94,8,135.0
95,0,150.0
95,1,60.0
95,2,165.0
95,3,45.0
95,4,345.0
95,5,45.0
95,6,165.0
95,7,75.0
95,8,150.0
96,0,165.0
96,1,75.0
96,2,180.0
96,3,60.0
96,4,360.0
96,5,60.0
96,6,180.0
96,7,90.0
96,8,165.0
97,0,180.0
97,1,90.0
97,2,195.0
97,3,75.0
97,4,375.0
97,5,75.0
97,6,195.0
97,7,105.0
97,8,180.0
98,0,195.0
98,1,105.0
98,2,210.0
98,3,90.0
98,4,15.0
98,5,90.0
98,6,210.0
98,7,120.0
98,8,15.0
99,0,210.0
99,1,120.0
99,2,15.0
99,3,105.0
99,4,30.0
99,5,105.0
99,6,15.0
99,7,15.0
99,8,15.0
100,0,15.0
100,1,15.0
100,2,15.0
100,3,15.0
100,4,45.0
100,5,120.0
100,6,15.0
100,7,30.0
100,8,30.0
101,0,30.0
101,1,30.0
101,2,30.0
101,3,30.0
101,4,60.0
101,5,135.0
101,6,30.0
101,7,45.0
101,8,45.0
102,0,45.0
102,1,45.0
102,2,45.0
102,3,45.0
102,4,75.0
102,5,150.0
102,6,45.0
102,7,60.0
102,8,60.0
103,0,60.0
103,1,60.0
103,2,60.0
103,3,60.0
103,4,90.0
103,5,165.0
103,6,60.0
103,7,75.0
103,8,75.0
104,0,75.0
104,1,75.0
104,2,75.0
104,3,75.0
104,4,105.0
104,5,180.0
104,6,75.0
104,7,90.0
104,8,90.0
105,0,90.0
105,1,15.0
105,2,90.0
105,3,90.0
105,4,120.0
105,5,195.0
105,6,90.0
105,7,15.0
105,8,105.0
106,0,105.0
106,1,30.0
106,2,105.0
106,3,15.0
106,4,135.0
106,5,210.0
106,6,105.0
106,7,30.0
106,8,120.0
107,0,120.0
107,1,45.0
107,2,120.0
107,3,30.0
107,4,150.0
107,5,225.0
107,6,120.0
107,7,45.0
107,8,135.0
108,0,135.0
108,1,60.0
108,2,135.0
108,3,45.0
108,4,165.0
108,5,240.0
108,6,135.0
108,7,60.0
108,8,150.0
109,0,150.0
109,1,75.0
109,2,150.0
109,3,60.0
109,4,180.0
109,5,255.0
109,6,150.0
109,7,75.0
109,8,165.0
110,0,165.0
110,1,90.0
110,2,165.0
110,3,75.0
110,4,195.0
110,5,270.0
110,6,165.0
110,7,90.0
110,8,180.0
111,0,15.0
111,1,105.0
111,2,180.0
111,3,90.0
111,4,210.0
111,5,285.0
111,6,180.0
111,7,105.0
111,8,195.0
112,0,15.0
112,1,15.0
112,2,15.0
112,3,105.0
112,4,225.0
112,5,300.0
112,6,15.0
112,7,120.0
112,8,210.0
113,0,30.0
113,1,30.0
113,2,30.0
113,3,120.0
113,4,240.0
113,5,315.0
113,6,30.0
113,7,135.0
113,8,225.0
114,0,45.0
114,1,45.0
114,2,45.0
114,3,135.0
114,4,255.0
114,5,330.0
114,6,45.0
114,7,150.0
114,8,240.0
115,0,60.0
115,1,60.0
115,2,60.0
115,3,150.0
115,4,270.0
115,5,345.0
115,6,60.0
115,7,165.0
115,8,255.0
116,0,75.0
116,1,75.0
116,2,75.0
116,3,165.0
116,4,285.0
116,5,360.0
116,6,75.0
116,7,180.0
116,8,270.0
117,0,90.0
117,1,90.0
117,2,90.0
117,3,180.0
117,4,300.0
117,5,375.0
117,6,90.0
117,7,195.0
117,8,285.0
118,0,105.0
118,1,15.0
118,2,105.0
118,3,15.0
118,4,315.0
118,5,390.0
118,6,105.0
118,7,210.0
118,8,300.0
119,0,120.0
119,1,15.0
119,2,120.0
119,3,30.0
119,4,330.0
119,5,405.0
119,6,120.0
119,7,15.0
119,8,315.0
120,0,135.0
120,1,30.0
120,2,135.0
120,3,45.0
120,4,345.0
120,5,420.0
120,6,135.0
120,7,30.0
120,8,330.0
121,0,150.0
121,1,45.0
121,2,150.0
121,3,60.0
121,4,360.0
121,5,435.0
121,6,150.0
121,7,45.0
121,8,345.0
122,0,165.0
122,1,60.0
122,2,165.0
122,3,75.0
122,4,375.0
122,5,450.0
122,6,165.0
122,7,60.0
122,8,360.0
123,0,180.0
123,1,75.0
123,2,180.0
123,3,90.0
123,4,390.0
123,5,465.0
123,6,180.0
123,7,75.0
123,8,375.0
124,0,195.0
124,1,90.0
124,2,15.0
124,3,105.0
124,4,405.0
124,5,480.0
124,6,195.0
124,7,90.0
124,8,390.0
125,0,210.0
125,1,105.0
125,2,15.0
125,3,120.0
125,4,420.0
125,5,15.0
125,6,210.0
125,7,105.0
125,8,15.0
126,0,225.0
126,1,120.0
126,2,15.0
126,3,135.0
126,4,435.0
126,5,30.0
126,6,15.0
126,7,15.0
126,8,15.0
127,0,15.0
127,1,135.0
127,2,30.0
127,3,15.0
127,4,450.0
127,5,45.0
127,6,15.0
127,7,30.0
127,8,30.0
128,0,30.0
128,1,150.0
128,2,45.0
128,3,30.0
128,4,465.0
128,5,60.0
128,6,30.0
128,7,45.0
128,8,45.0
129,0,45.0
129,1,165.0
129,2,60.0
129,3,45.0
129,4,480.0
129,5,75.0
129,6,45.0
129,7,60.0
129,8,60.0
130,0,60.0
130,1,180.0
130,2,75.0
130,3,60.0
130,4,495.0
130,5,15.0
130,6,60.0
130,7,75.0
130,8,75.0
131,0,75.0
131,1,195.0
131,2,90.0
131,3,75.0
131,4,510.0
131,5,30.0
131,6,75.0
131,7,90.0
131,8,90.0
132,0,90.0
132,1,210.0
132,2,105.0
132,3,15.0
132,4,525.0
132,5,45.0
132,6,90.0
132,7,15.0
132,8,105.0
133,0,105.0
133,1,15.0
133,2,120.0
133,3,30.0
133,4,540.0
133,5,60.0
133,6,105.0
133,7,30.0
133,8,120.0
134,0,120.0
134,1,30.0
134,2,135.0
134,3,45.0
134,4,555.0
134,5,75.0
134,6,120.0
134,7,45.0
134,8,135.0
135,0,135.0
135,1,45.0
135,2,150.0
135,3,60.0
135,4,570.0
135,5,90.0
135,6,135.0
135,7,60.0
135,8,150.0
136,0,150.0
136,1,60.0
136,2,165.0
136,3,75.0
136,4,585.0
136,5,105.0
136,6,150.0
136,7,75.0
136,8,15.0
137,0,165.0
137,1,75.0
137,2,180.0
137,3,90.0
137,4,600.0
137,5,120.0
137,6,165.0
137,7,90.0
137,8,30.0
138,0,180.0
138,1,90.0
138,2,195.0
138,3,105.0
138,4,615.0
138,5,135.0
138,6,15.0
138,7,105.0
138,8,45.0
139,0,15.0
139,1,105.0
139,2,210.0
139,3,120.0
139,4,630.0
139,5,150.0
139,6,30.0
139,7,120.0
139,8,60.0
140,0,15.0
140,1,15.0
140,2,15.0
140,3,135.0
140,4,645.0
140,5,165.0
140,6,45.0
140,7,135.0
140,8,75.0
141,0,30.0
141,1,30.0
141,2,30.0
141,3,150.0
141,4,660.0
141,5,180.0
141,6,60.0
141,7,150.0
141,8,90.0
142,0,45.0
142,1,45.0
142,2,45.0
142,3,165.0
142,4,675.0
142,5,195.0
142,6,75.0
142,7,165.0
142,8,105.0
143,0,60.0
143,1,60.0
143,2,60.0
143,3,180.0
143,4,690.0
143,5,15.0
143,6,90.0
143,7,180.0
143,8,120.0
144,0,75.0
144,1,75.0
144,2,75.0
144,3,195.0
144,4,705.0
144,5,30.0
144,6,105.0
144,7,15.0
144,8,135.0
145,0,90.0
145,1,90.0
145,2,90.0
145,3,210.0
145,4,720.0
145,5,45.0
145,6,120.0
145,7,30.0
145,8,150.0
146,0,105.0
146,1,15.0
146,2,105.0
146,3,15.0
146,4,735.0
146,5,60.0
146,6,135.0
146,7,45.0
146,8,165.0
147,0,120.0
147,1,30.0
147,2,120.0
147,3,30.0
147,4,750.0
147,5,75.0
147,6,150.0
147,7,60.0
147,8,180.0
148,0,135.0
148,1,45.0
148,2,135.0
148,3,45.0
148,4,765.0
148,5,90.0
148,6,165.0
148,7,75.0
148,8,195.0
149,0,150.0
149,1,60.0
149,2,15.0
149,3,60.0
149,4,780.0
149,5,105.0
149,6,180.0
149,7,90.0
149,8,210.0
150,0,165.0
150,1,75.0
150,2,15.0
150,3,75.0
150,4,15.0
150,5,15.0
150,6,195.0
150,7,105.0
150,8,15.0
151,0,180.0
151,1,90.0
151,2,30.0
151,3,90.0
151,4,30.0
151,5,30.0
151,6,210.0
151,7,120.0
151,8,15.0
152,0,195.0
152,1,105.0
152,2,45.0
152,3,105.0
152,4,45.0
152,5,45.0
152,6,15.0
152,7,15.0
152,8,15.0
153,0,15.0
153,1,120.0
153,2,15.0
153,3,15.0
153,4,60.0
153,5,60.0
153,6,15.0
153,7,30.0
153,8,30.0
154,0,30.0
154,1,135.0
154,2,30.0
154,3,30.0
154,4,75.0
154,5,75.0
154,6,30.0
154,7,45.0
154,8,45.0
155,0,45.0
155,1,150.0
155,2,45.0
155,3,45.0
155,4,90.0
155,5,90.0
155,6,45.0
155,7,60.0
155,8,60.0
156,0,60.0
156,1,165.0
156,2,60.0
156,3,60.0
156,4,105.0
156,5,15.0
156,6,60.0
156,7,75.0
156,8,75.0
157,0,75.0
157,1,180.0
157,2,75.0
157,3,75.0
157,4,120.0
157,5,30.0
157,6,75.0
157,7,15.0
157,8,90.0
158,0,90.0
158,1,195.0
158,2,90.0
158,3,90.0
158,4,135.0
158,5,45.0
158,6,90.0
158,7,30.0
158,8,105.0
159,0,105.0
159,1,15.0
159,2,105.0
159,3,15.0
159,4,150.0
159,5,60.0
159,6,105.0
159,7,45.0
159,8,120.0
160,0,120.0
160,1,30.0
160,2,120.0
160,3,30.0
160,4,165.0
160,5,75.0
160,6,120.0
160,7,60.0
160,8,135.0
161,0,135.0
161,1,45.0
161,2,135.0
161,3,45.0
161,4,180.0
161,5,90.0
161,6,135.0
161,7,75.0
161,8,150.0
162,0,150.0
162,1,60.0
162,2,150.0
162,3,60.0
162,4,195.0
162,5,105.0
162,6,150.0
162,7,90.0
162,8,165.0
163,0,165.0
163,1,75.0
163,2,165.0
163,3,75.0
163,4,15.0
163,5,120.0
163,6,15.0
163,7,105.0
163,8,180.0
164,0,180.0
164,1,90.0
164,2,180.0
164,3,90.0
164,4,30.0
164,5,135.0
164,6,30.0
164,7,120.0
164,8,195.0
165,0,15.0
165,1,105.0
165,2,195.0
165,3,105.0
165,4,45.0
165,5,150.0
165,6,45.0
165,7,135.0
165,8,210.0
166,0,15.0
166,1,120.0
166,2,210.0
166,3,120.0
166,4,60.0
166,5,165.0
166,6,60.0
166,7,150.0
166,8,225.0
167,0,15.0
167,1,15.0
167,2,15.0
167,3,135.0
167,4,75.0
167,5,180.0
167,6,75.0
167,7,165.0
167,8,240.0
168,0,30.0
168,1,30.0
168,2,30.0
168,3,150.0
168,4,90.0
168,5,195.0
168,6,90.0
168,7,180.0
168,8,255.0
169,0,45.0
169,1,45.0
169,2,45.0
169,3,165.0
169,4,105.0
169,5,210.0
169,6,105.0
169,7,195.0
169,8,270.0
170,0,60.0
170,1,60.0
170,2,60.0
170,3,180.0
170,4,120.0
170,5,15.0
170,6,120.0
170,7,15.0
170,8,285.0
171,0,75.0
171,1,75.0
171,2,75.0
171,3,195.0
171,4,135.0
171,5,30.0
171,6,135.0
171,7,30.0
171,8,300.0
172,0,90.0
172,1,15.0
172,2,90.0
172,3,15.0
172,4,150.0
172,5,45.0
172,6,150.0
172,7,45.0
172,8,315.0
173,0,105.0
173,1,30.0
173,2,105.0
173,3,30.0
173,4,165.0
173,5,60.0
173,6,165.0
173,7,60.0
173,8,330.0
174,0,120.0
174,1,45.0
174,2,120.0
174,3,45.0
174,4,180.0
174,5,75.0
174,6,180.0
174,7,75.0
174,8,345.0
175,0,135.0
175,1,60.0
175,2,135.0
175,3,60.0
175,4,195.0
175,5,90.0
175,6,195.0
175,7,90.0
175,8,360.0
176,0,150.0
176,1,75.0
176,2,150.0
176,3,75.0
176,4,210.0
176,5,105.0
176,6,210.0
176,7,105.0
176,8,15.0
177,0,165.0
177,1,90.0
177,2,165.0
177,3,90.0
177,4,225.0
177,5,120.0
177,6,15.0
177,7,15.0
177,8,15.0
178,0,180.0
178,1,105.0
178,2,180.0
178,3,105.0
178,4,240.0
178,5,135.0
178,6,15.0
178,7,30.0
178,8,30.0
179,0,15.0
179,1,120.0
179,2,15.0
179,3,15.0
179,4,255.0
179,5,150.0
179,6,15.0
179,7,45.0
179,8,45.0
180,0,30.0
180,1,135.0
180,2,30.0
180,3,30.0
180,4,270.0
180,5,165.0
180,6,30.0
180,7,60.0
180,8,60.0
181,0,45.0
181,1,150.0
181,2,45.0
181,3,45.0
181,4,285.0
181,5,180.0
181,6,45.0
181,7,75.0
181,8,75.0
182,0,60.0
182,1,165.0
182,2,60.0
182,3,60.0
182,4,300.0
182,5,195.0
182,6,60.0
182,7,15.0
182,8,90.0
183,0,75.0
183,1,180.0
183,2,75.0
183,3,75.0
183,4,315.0
183,5,15.0
183,6,75.0
183,7,30.0
183,8,105.0
184,0,90.0
184,1,195.0
184,2,90.0
184,3,90.0
184,4,330.0
184,5,30.0
184,6,90.0
184,7,45.0
184,8,120.0
185,0,105.0
185,1,210.0
185,2,105.0
185,3,15.0
185,4,345.0
185,5,45.0
185,6,105.0
185,7,60.0
185,8,135.0
186,0,120.0
186,1,15.0
186,2,120.0
186,3,30.0
186,4,360.0
186,5,60.0
186,6,120.0
186,7,75.0
186,8,150.0
187,0,135.0
187,1,30.0
187,2,135.0
187,3,45.0
187,4,375.0
187,5,75.0
187,6,135.0
187,7,90.0
187,8,165.0
188,0,150.0
188,1,45.0
188,2,15.0
188,3,60.0
188,4,390.0
188,5,90.0
188,6,150.0
188,7,105.0
188,8,180.0
189,0,165.0
189,1,60.0
189,2,15.0
189,3,75.0
189,4,405.0
189,5,15.0
189,6,15.0
189,7,120.0
189,8,15.0
190,0,180.0
190,1,75.0
190,2,30.0
190,3,90.0
190,4,420.0
190,5,30.0
190,6,30.0
190,7,135.0
190,8,30.0
191,0,195.0
191,1,90.0
191,2,45.0
191,3,105.0
191,4,435.0
191,5,45.0
191,6,45.0
191,7,150.0
191,8,45.0
192,0,15.0
192,1,105.0
192,2,60.0
192,3,120.0
192,4,450.0
192,5,60.0
192,6,60.0
192,7,165.0
192,8,60.0
193,0,15.0
193,1,120.0
193,2,75.0
193,3,15.0
193,4,465.0
193,5,75.0
193,6,15.0
193,7,180.0
193,8,75.0
194,0,30.0
194,1,135.0
194,2,90.0
194,3,30.0
194,4,480.0
194,5,90.0
194,6,30.0
194,7,195.0
194,8,90.0
195,0,45.0
195,1,150.0
195,2,105.0
195,3,45.0
195,4,495.0
195,5,15.0
195,6,45.0
195,7,15.0
195,8,105.0
196,0,60.0
196,1,165.0
196,2,120.0
196,3,60.0
196,4,510.0
196,5,30.0
196,6,60.0
196,7,30.0
196,8,120.0
197,0,75.0
197,1,180.0
197,2,135.0
197,3,75.0
197,4,525.0
197,5,45.0
197,6,75.0
197,7,45.0
197,8,135.0
198,0,90.0
198,1,195.0
198,2,150.0
198,3,15.0
198,4,540.0
198,5,60.0
198,6,90.0
198,7,60.0
198,8,150.0
199,0,105.0
199,1,210.0
199,2,165.0
199,3,15.0
199,4,555.0
199,5,75.0
199,6,105.0
199,7,75.0
199,8,165.0
200,0,120.0
200,1,225.0
200,2,180.0
200,3,30.0
200,4,570.0
200,5,90.0
200,6,120.0
200,7,90.0
200,8,180.0
201,0,135.0
201,1,240.0
201,2,195.0
201,3,45.0
201,4,585.0
201,5,105.0
201,6,135.0
201,7,105.0
201,8,15.0
202,0,150.0
202,1,255.0
202,2,15.0
202,3,60.0
202,4,600.0
202,5,15.0
202,6,150.0
202,7,120.0
202,8,15.0
203,0,165.0
203,1,270.0
203,2,30.0
203,3,75.0
203,4,615.0
203,5,30.0
203,6,165.0
203,7,135.0
203,8,30.0
204,0,180.0
204,1,285.0
204,2,45.0
204,3,90.0
204,4,630.0
204,5,45.0
204,6,15.0
204,7,150.0
204,8,45.0
205,0,15.0
205,1,300.0
205,2,60.0
205,3,15.0
205,4,645.0
205,5,60.0
205,6,15.0
205,7,165.0
205,8,60.0
206,0,30.0
206,1,315.0
206,2,75.0
206,3,30.0
206,4,660.0
206,5,75.0
206,6,30.0
206,7,180.0
206,8,75.0
207,0,45.0
207,1,330.0
207,2,90.0
207,3,45.0
207,4,675.0
207,5,90.0
207,6,45.0
207,7,195.0
207,8,90.0
208,0,60.0
208,1,345.0
208,2,105.0
208,3,60.0
208,4,690.0
208,5,15.0
208,6,60.0
208,7,210.0
208,8,105.0
209,0,75.0
209,1,360.0
209,2,120.0
209,3,75.0
209,4,705.0
209,5,30.0
209,6,75.0
209,7,225.0
209,8,120.0
210,0,90.0
210,1,375.0
210,2,135.0
210,3,90.0
210,4,720.0
210,5,45.0
210,6,90.0
210,7,240.0
210,8,135.0
211,0,105.0
211,1,390.0
211,2,150.0
211,3,15.0
211,4,735.0
211,5,60.0
211,6,105.0
211,7,255.0
211,8,150.0
212,0,120.0
212,1,405.0
212,2,165.0
212,3,15.0
212,4,750.0
212,5,75.0
212,6,120.0
212,7,270.0
212,8,165.0
213,0,135.0
213,1,420.0
213,2,180.0
213,3,30.0
213,4,765.0
213,5,90.0
213,6,135.0
213,7,285.0
213,8,180.0
214,0,150.0
214,1,435.0
214,2,15.0
214,3,45.0
214,4,780.0
214,5,105.0
214,6,150.0
214,7,300.0
214,8,195.0
215,0,165.0
215,1,450.0
215,2,30.0
215,3,60.0
215,4,795.0
215,5,120.0
215,6,165.0
215,7,315.0
215,8,210.0
216,0,180.0
216,1,465.0
216,2,15.0
216,3,75.0
216,4,810.0
216,5,135.0
216,6,180.0
216,7,330.0
216,8,225.0
217,0,15.0
217,1,15.0
217,2,15.0
217,3,90.0
217,4,15.0
217,5,150.0
217,6,195.0
217,7,345.0
217,8,240.0
218,0,30.0
218,1,30.0
218,2,30.0
218,3,105.0
218,4,30.0
218,5,165.0
218,6,210.0
218,7,360.0
218,8,255.0
219,0,15.0
219,1,45.0
219,2,45.0
219,3,120.0
219,4,45.0
219,5,180.0
219,6,225.0
219,7,375.0
219,8,270.0
220,0,15.0
220,1,60.0
220,2,60.0
220,3,15.0
220,4,60.0
220,5,195.0
220,6,15.0
220,7,390.0
220,8,285.0
221,0,30.0
221,1,75.0
221,2,75.0
221,3,30.0
221,4,75.0
221,5,15.0
221,6,30.0
221,7,405.0
221,8,300.0
222,0,45.0
222,1,90.0
222,2,90.0
222,3,45.0
222,4,90.0
222,5,30.0
222,6,45.0
222,7,420.0
222,8,315.0
223,0,60.0
223,1,15.0
223,2,105.0
223,3,60.0
223,4,105.0
223,5,45.0
223,6,60.0
223,7,435.0
223,8,330.0
224,0,75.0
224,1,30.0
224,2,120.0
224,3,15.0
224,4,120.0
224,5,60.0
224,6,75.0
224,7,450.0
224,8,345.0
225,0,90.0
225,1,45.0
225,2,135.0
225,3,15.0
225,4,135.0
225,5,75.0
225,6,90.0
225,7,465.0
225,8,360.0
226,0,105.0
226,1,60.0
226,2,150.0
226,3,30.0
226,4,150.0
226,5,90.0
226,6,105.0
226,7,480.0
226,8,375.0
227,0,120.0
227,1,75.0
227,2,165.0
227,3,45.0
227,4,165.0
227,5,105.0
227,6,120.0
227,7,495.0
227,8,15.0
228,0,15.0
228,1,90.0
228,2,180.0
228,3,60.0
228,4,180.0
228,5,120.0
228,6,15.0
228,7,15.0
228,8,15.0
229,0,30.0
229,1,105.0
229,2,195.0
229,3,75.0
229,4,195.0
229,5,135.0
229,6,30.0
229,7,30.0
229,8,30.0
230,0,45.0
230,1,120.0
230,2,210.0
230,3,90.0
230,4,210.0
230,5,150.0
230,6,45.0
230,7,45.0
230,8,45.0
231,0,60.0
231,1,135.0
231,2,225.0
231,3,105.0
231,4,225.0
231,5,165.0
231,6,15.0
231,7,60.0
231,8,60.0
